<?xml version="1.0" encoding="UTF-8"?>
<project-private xmlns="http://www.netbeans.org/ns/project-private/1">
    <editor-bookmarks xmlns="http://www.netbeans.org/ns/editor-bookmarks/2" lastBookmarkId="0"/>
    <open-files xmlns="http://www.netbeans.org/ns/projectui-open-files/2">
        <group>
            <file>file:/C:/Users/hp/Documents/NetBeansProjects/Insurance/src/insurance/Home.java</file>
            <file>file:/C:/Users/hp/Documents/NetBeansProjects/Insurance/src/insurance/Login.java</file>
            <file>file:/C:/Users/hp/Documents/NetBeansProjects/Insurance/src/insurance/company/CompanyRegistration.java</file>
            <file>file:/C:/Users/hp/Documents/NetBeansProjects/Insurance/src/JavaBean/CompanyRegistrationJB.java</file>
            <file>file:/C:/Users/hp/Documents/NetBeansProjects/Insurance/src/insurance/company/CompanyHome.java</file>
            <file>file:/C:/Users/hp/Documents/NetBeansProjects/Insurance/src/insurance/admin/AdminHome.java</file>
            <file>file:/C:/Users/hp/Documents/NetBeansProjects/Insurance/src/insurance/customer/CustomerHome.java</file>
            <file>file:/C:/Users/hp/Documents/NetBeansProjects/Insurance/src/database/DataBaseConnect.java</file>
            <file>file:/C:/Users/hp/Documents/NetBeansProjects/Insurance/src/insurance/customer/CustomerRegistration.java</file>
        </group>
    </open-files>
</project-private>
